{"name": "bla", "children": [{"name": "section-0", "children": [{"Unnamed: 0": "usa_san francisco_palace_hotel", "hotel_name": "palace hotel", "hotel_url": "http://www.tripadvisor.com/ShowUserReviews-g60713-d115617-r50137561-Palace_Hotel-San_Francisco_California.html", "street": "2 new montgomery street", "city": "san francisco", "state": "ca", "country": "USA", "zip": "94105", "class": -1, "price": 0.0, "num_reviews": 355, "CLEANLINESS": 4.248945148, "ROOM": 3.902953586, "SERVICE": 3.970464135, "LOCATION": 4.552742616000001, "VALUE": 3.805907173, "COMFORT": 0, "overall_ratingsource": 4.0962025319999995, "mean_score": 81.92405063999999, "business_id": "usa_san francisco_palace_hotel", "hotel_street": "2 new montgomery street", "rcount": 355, "bathroom": 0.0, "bed": 0.0, "checkin": 0.0, "cleanliness": 0.0, "coffee": 0.0, "comfort": 0.0, "drink": 0.0, "facility": 0.061246792189679204, "food": 0.09237143654114364, "general": 0.1373937935843794, "location": 0.11698460251046028, "parking": 0.0, "quietness": 0.0, "room": 0.0, "size": 0.0, "staff": 0.1147791143654115, "style": 0.0, "view": 0.0, "wifi": 0.0}, {"Unnamed: 0": "usa_san francisco_holiday_inn_san_francisco_fishermans_wharf", "hotel_name": "holiday inn san francisco fishermans wharf", "hotel_url": "http://www.tripadvisor.com/ShowUserReviews-g60713-d81042-r48515790-Holiday_Inn_San_Francisco_Fishermans_Wharf-San_Francisco_California.html", "street": "1300 columbus avenue", "city": "san francisco", "state": "ca", "country": "USA", "zip": "94133", "class": -1, "price": 0.0, "num_reviews": 342, "CLEANLINESS": 4.1542288560000005, "ROOM": 3.8507462689999996, "SERVICE": 3.7860696519999997, "LOCATION": 4.467661692, "VALUE": 3.696517413, "COMFORT": 0, "overall_ratingsource": 3.9910447760000003, "mean_score": 79.82089552000001, "business_id": "usa_san francisco_holiday_inn_san_francisco_fishermans_wharf", "hotel_street": "1300 columbus avenue", "rcount": 342, "placeId": 198642312, "lat": 37.8065218, "lng": -122.41770925662, "bathroom": 0.0, "bed": 0.0, "checkin": 0.0, "cleanliness": 0.0, "coffee": 0.0, "comfort": 0.0, "drink": 0.0, "facility": 0.038032142857142855, "food": 0.07538091269841268, "general": 0.1054392857142857, "location": 0.14350805555555557, "parking": 0.0, "quietness": 0.0, "room": 0.0, "size": 0.0, "staff": 0.12600967460317464, "style": 0.0, "view": 0.0, "wifi": 0.0}, {"Unnamed: 0": "usa_san francisco_sheraton_fisherman_s_wharf_hotel", "hotel_name": "sheraton fisherman s wharf hotel", "hotel_url": "http://www.tripadvisor.com/ShowUserReviews-g60713-d81375-r50521510-Sheraton_Fisherman_s_Wharf_Hotel-San_Francisco_California.html", "street": "2500 mason street", "city": "san francisco", "state": "ca", "country": "USA", "zip": "94133", "class": -1, "price": 0.0, "num_reviews": 467, "CLEANLINESS": 4.120879121000001, "ROOM": 3.6776556780000003, "SERVICE": 3.813186813, "LOCATION": 4.509157509, "VALUE": 3.4688644689999997, "COMFORT": 0, "overall_ratingsource": 3.9179487180000003, "mean_score": 78.35897436, "business_id": "usa_san francisco_sheraton_fisherman_s_wharf_hotel", "hotel_street": "2500 mason street", "rcount": 467, "placeId": 96505077, "lat": 37.8071733, "lng": -122.41290070438, "bathroom": 0.0, "bed": 0.0, "checkin": 0.0, "cleanliness": 0.0, "coffee": 0.0, "comfort": 0.0, "drink": 0.0, "facility": 0.03225982401656315, "food": 0.06406899585921325, "general": 0.11461138716356109, "location": 0.14195473602484465, "parking": 0.0, "quietness": 0.0, "room": 0.0, "size": 0.0, "staff": 0.10582070393374739, "style": 0.0, "view": 0.0, "wifi": 0.0}, {"Unnamed: 0": "usa_san francisco_the_westin_st_francis", "hotel_name": "the westin st francis", "hotel_url": "http://www.tripadvisor.com/ShowUserReviews-g60713-d81461-r49925941-The_Westin_St_Francis-San_Francisco_California.html", "street": "335 powell street", "city": "san francisco", "state": "ca", "country": "USA", "zip": "94102-1875", "class": -1, "price": 0.0, "num_reviews": 365, "CLEANLINESS": 3.970099668, "ROOM": 3.571428571, "SERVICE": 3.604651163, "LOCATION": 4.73089701, "VALUE": 3.355481728, "COMFORT": 0, "overall_ratingsource": 3.846511628, "mean_score": 76.93023256000001, "business_id": "usa_san francisco_the_westin_st_francis", "hotel_street": "335 powell street", "rcount": 365, "placeId": 152367401, "lat": 37.7877488, "lng": -122.408974303287, "bathroom": 0.0, "bed": 0.0, "checkin": 0.0, "cleanliness": 0.0, "coffee": 0.0, "comfort": 0.0, "drink": 0.0, "facility": 0.03354539215686275, "food": 0.06695209150326799, "general": 0.1448065032679738, "location": 0.16332796296296284, "parking": 0.0, "quietness": 0.0, "room": 0.0, "size": 0.0, "staff": 0.09460559477124184, "style": 0.0, "view": 0.0, "wifi": 0.0}, {"Unnamed: 0": "usa_san francisco_holiday_inn_san_francisco_golden_gateway", "hotel_name": "holiday inn san francisco golden gateway", "hotel_url": "http://www.tripadvisor.com/ShowUserReviews-g60713-d81049-r49829507-Holiday_Inn_San_Francisco_Golden_Gateway-San_Francisco_California.html", "street": "1500 van ness avenue", "city": "san francisco", "state": "ca", "country": "USA", "zip": "94109", "class": -1, "price": 0.0, "num_reviews": 229, "CLEANLINESS": 3.873239437, "ROOM": 3.5352112680000003, "SERVICE": 3.676056338, "LOCATION": 3.8380281689999998, "VALUE": 3.669014085, "COMFORT": 0, "overall_ratingsource": 3.7183098589999997, "mean_score": 74.36619718, "business_id": "usa_san francisco_holiday_inn_san_francisco_golden_gateway", "hotel_street": "1500 van ness avenue", "rcount": 229, "placeId": 121784119, "lat": 37.7897953, "lng": -122.421785219681, "bathroom": 0.0, "bed": 0.0, "checkin": 0.0, "cleanliness": 0.0, "coffee": 0.0, "comfort": 0.0, "drink": 0.0, "facility": 0.04849224422442244, "food": 0.12696056105610562, "general": 0.150403795379538, "location": 0.1119176485148515, "parking": 0.0, "quietness": 0.0, "room": 0.0, "size": 0.0, "staff": 0.11347655115511551, "style": 0.0, "view": 0.0, "wifi": 0.0}, {"Unnamed: 0": "usa_san francisco_the_pickwick", "hotel_name": "the pickwick", "hotel_url": "http://www.tripadvisor.com/ShowUserReviews-g60713-d218776-r50339329-The_Pickwick-San_Francisco_California.html", "street": "85 fifth street", "city": "san francisco", "state": "ca", "country": "USA", "zip": "94103", "class": -1, "price": 0.0, "num_reviews": 106, "CLEANLINESS": 3.49122807, "ROOM": 3.122807018, "SERVICE": 3.157894737, "LOCATION": 4.4035087719999995, "VALUE": 3.543859649, "COMFORT": 0, "overall_ratingsource": 3.543859649, "mean_score": 70.87719297999999, "business_id": "usa_san francisco_the_pickwick", "hotel_street": "85 fifth street", "rcount": 106, "bathroom": 0.0, "bed": 0.0, "checkin": 0.0, "cleanliness": 0.0, "coffee": 0.0, "comfort": 0.0, "drink": 0.0, "facility": 0.004683333333333334, "food": 0.06444000000000001, "general": 0.13406166666666666, "location": 0.1580213888888889, "parking": 0.0, "quietness": 0.0, "room": 0.0, "size": 0.0, "staff": 0.055729444444444436, "style": 0.0, "view": 0.0, "wifi": 0.0}, {"Unnamed: 0": "usa_san francisco_capri_motel", "hotel_name": "capri motel", "hotel_url": "http://www.tripadvisor.com/ShowUserReviews-g60713-d119590-r45683943-Capri_Motel-San_Francisco_California.html", "street": "2015 greenwich st", "city": "san francisco", "state": "ca", "country": "USA", "zip": "94123", "class": -1, "price": 0.0, "num_reviews": 23, "CLEANLINESS": 3.8461538460000004, "ROOM": 3.384615385, "SERVICE": 3.538461538, "LOCATION": 4.153846154, "VALUE": 3.692307692, "COMFORT": 0, "overall_ratingsource": 3.7230769230000003, "mean_score": 74.46153846, "business_id": "usa_san francisco_capri_motel", "hotel_street": "2015 greenwich st", "rcount": 23, "placeId": 205966314, "lat": 37.7992447142857, "lng": -122.432908857143, "bathroom": 0.0, "bed": 0.0, "checkin": 0.0, "cleanliness": 0.0, "coffee": 0.0, "comfort": 0.0, "drink": 0.0, "facility": 0.12239545454545456, "food": 0.09284545454545455, "general": 0.05680909090909091, "location": 0.10483333333333335, "parking": 0.0, "quietness": 0.0, "room": 0.0, "size": 0.0, "staff": 0.07758068181818181, "style": 0.0, "view": 0.0, "wifi": 0.0}, {"Unnamed: 0": "usa_san francisco_astoria_hotel", "hotel_name": "astoria hotel", "hotel_url": "http://www.tripadvisor.com/ShowUserReviews-g60713-d81976-r47687501-Astoria_Hotel-San_Francisco_California.html", "street": "510 bush street", "city": "san francisco", "state": "ca", "country": "USA", "zip": "94108", "class": -1, "price": 0.0, "num_reviews": 91, "CLEANLINESS": 3.3181818180000002, "ROOM": 2.575757576, "SERVICE": 3.0909090910000003, "LOCATION": 4.606060606000001, "VALUE": 3.651515152, "COMFORT": 0, "overall_ratingsource": 3.448484848, "mean_score": 68.96969696000001, "business_id": "usa_san francisco_astoria_hotel", "hotel_street": "510 bush street", "rcount": 91, "bathroom": 0.0, "bed": 0.0, "checkin": 0.0, "cleanliness": 0.0, "coffee": 0.0, "comfort": 0.0, "drink": 0.0, "facility": 0.028982352941176473, "food": 0.1610578431372549, "general": 0.028335294117647066, "location": 0.1389985294117647, "parking": 0.0, "quietness": 0.0, "room": 0.0, "size": 0.0, "staff": 0.07631764705882353, "style": 0.0, "view": 0.0, "wifi": 0.0}, {"Unnamed: 0": "usa_san francisco_halcyon_hotel", "hotel_name": "halcyon hotel", "hotel_url": "http://www.tripadvisor.com/ShowUserReviews-g60713-d112335-r42916552-Halcyon_Hotel-San_Francisco_California.html", "street": "649 jones st", "city": "san francisco", "state": "ca", "country": "USA", "zip": "94102", "class": -1, "price": 0.0, "num_reviews": 35, "CLEANLINESS": 3.545454545, "ROOM": 3.045454545, "SERVICE": 3.454545455, "LOCATION": 3.9090909089999997, "VALUE": 3.727272727, "COMFORT": 0, "overall_ratingsource": 3.5363636360000004, "mean_score": 70.72727272, "business_id": "usa_san francisco_halcyon_hotel", "hotel_street": "649 jones st", "rcount": 35, "placeId": 136575357, "lat": 37.7871196, "lng": -122.413522739435, "bathroom": 0.0, "bed": 0.0, "checkin": 0.0, "cleanliness": 0.0, "coffee": 0.0, "comfort": 0.0, "drink": 0.0, "facility": 0.01414375, "food": 0.02511875, "general": 0.05431875, "location": 0.09837708333333334, "parking": 0.0, "quietness": 0.0, "room": 0.0, "size": 0.0, "staff": 0.143496875, "style": 0.0, "view": 0.0, "wifi": 0.0}, {"Unnamed: 0": "usa_san francisco_grant_plaza_hotel", "hotel_name": "grant plaza hotel", "hotel_url": "http://www.tripadvisor.com/ShowUserReviews-g60713-d81004-r49437052-Grant_Plaza_Hotel-San_Francisco_California.html", "street": "465 grant avenue", "city": "san francisco", "state": "ca", "country": "USA", "zip": "94108", "class": -1, "price": 0.0, "num_reviews": 143, "CLEANLINESS": 3.014925373, "ROOM": 2.507462687, "SERVICE": 3.253731343, "LOCATION": 4.328358209, "VALUE": 3.373134328, "COMFORT": 0, "overall_ratingsource": 3.295522388, "mean_score": 65.91044776000001, "business_id": "usa_san francisco_grant_plaza_hotel", "hotel_street": "465 grant avenue", "rcount": 143, "placeId": 205964170, "lat": 37.7913431515152, "lng": -122.405819242424, "bathroom": 0.0, "bed": 0.0, "checkin": 0.0, "cleanliness": 0.0, "coffee": 0.0, "comfort": 0.0, "drink": 0.0, "facility": 0.014257692307692308, "food": 0.029280128205128205, "general": 0.07526602564102564, "location": 0.10516846153846154, "parking": 0.0, "quietness": 0.0, "room": 0.0, "size": 0.0, "staff": 0.19074134615384614, "style": 0.0, "view": 0.0, "wifi": 0.0}, {"Unnamed: 0": "usa_san francisco_san_francisco_days_inn_downtown_civic_center_area", "hotel_name": "san francisco days inn downtown civic center area", "hotel_url": "http://www.tripadvisor.com/ShowUserReviews-g60713-d80753-r46980503-San_Francisco_Days_Inn_Downtown_Civic_Center_Area-San_Francisco_California.html", "street": "465 grove street", "city": "san francisco", "state": "ca", "country": "USA", "zip": "94102", "class": -1, "price": 0.0, "num_reviews": 19, "CLEANLINESS": 3.375, "ROOM": 3.375, "SERVICE": 3.0, "LOCATION": 3.375, "VALUE": 3.375, "COMFORT": 0, "overall_ratingsource": 3.3, "mean_score": 66.0, "business_id": "usa_san francisco_san_francisco_days_inn_downtown_civic_center_area", "hotel_street": "465 grove street", "rcount": 19, "placeId": 133778695, "lat": 37.7776122, "lng": -122.423864855936, "bathroom": 0.0, "bed": 0.0, "checkin": 0.0, "cleanliness": 0.0, "coffee": 0.0, "comfort": 0.0, "drink": 0.0, "facility": -0.058984999999999996, "food": 0.11286, "general": 0.10135000000000001, "location": 0.04428000000000001, "parking": 0.0, "quietness": 0.0, "room": 0.0, "size": 0.0, "staff": 0.07794333333333334, "style": 0.0, "view": 0.0, "wifi": 0.0}]}, {"name": "section-1", "children": [{"Unnamed: 0": "usa_san francisco_good_nite_inn_san_francisco_airport", "hotel_name": "good nite inn san francisco airport", "hotel_url": "http://www.tripadvisor.com/ShowUserReviews-g60713-d488853-r39928766-Good_Nite_Inn_San_Francisco_Airport-San_Francisco_California.html", "street": "245 south airport boulevard", "city": "san francisco", "state": "ca", "country": "USA", "zip": "94080", "class": -1, "price": 0.0, "num_reviews": 58, "CLEANLINESS": 2.743589744, "ROOM": 2.641025641, "SERVICE": 2.717948718, "LOCATION": 3.538461538, "VALUE": 3.1282051280000003, "COMFORT": 0, "overall_ratingsource": 2.953846154, "mean_score": 59.07692308, "business_id": "usa_san francisco_good_nite_inn_san_francisco_airport", "hotel_street": "245 south airport boulevard", "rcount": 58, "placeId": 184124185, "lat": 37.6662885, "lng": -122.3968765, "bathroom": 0.0, "bed": 0.0, "checkin": 0.0, "cleanliness": 0.0, "coffee": 0.0, "comfort": 0.0, "drink": 0.0, "facility": 0.025042307692307694, "food": 0.04212991452991453, "general": 0.11863846153846154, "location": 0.025041025641025644, "parking": 0.0, "quietness": 0.0, "room": 0.0, "size": 0.0, "staff": -0.005973076923076923, "style": 0.0, "view": 0.0, "wifi": 0.0}, {"Unnamed: 0": "usa_san francisco_hotel_north_beach", "hotel_name": "hotel north beach", "hotel_url": "http://www.tripadvisor.com/ShowUserReviews-g60713-d217294-r49435905-Hotel_North_Beach-San_Francisco_California.html", "street": "935 kearny street", "city": "san francisco", "state": "ca", "country": "USA", "zip": "94133", "class": -1, "price": 0.0, "num_reviews": 21, "CLEANLINESS": 3.833333333, "ROOM": 3.5, "SERVICE": 2.916666667, "LOCATION": 3.916666667, "VALUE": 3.833333333, "COMFORT": 0, "overall_ratingsource": 3.6, "mean_score": 72.0, "business_id": "usa_san francisco_hotel_north_beach", "hotel_street": "935 kearny street", "rcount": 21, "placeId": 34422636, "lat": 37.7966767, "lng": -122.4054169, "bathroom": 0.0, "bed": 0.0, "checkin": 0.0, "cleanliness": 0.0, "coffee": 0.0, "comfort": 0.0, "drink": 0.0, "facility": 0.0, "food": 0.06354444444444445, "general": 0.16027777777777777, "location": -0.012637037037037039, "parking": 0.0, "quietness": 0.0, "room": 0.0, "size": 0.0, "staff": 0.03837777777777777, "style": 0.0, "view": 0.0, "wifi": 0.0}, {"Unnamed: 0": "usa_san francisco_university_club", "hotel_name": "university club", "hotel_url": "http://www.tripadvisor.com/ShowUserReviews-g60713-d489082-r10055100-University_Club-San_Francisco_California.html", "street": "800 powell st.", "city": "san francisco", "state": "ca", "country": "USA", "zip": "94108", "class": -1, "price": 0.0, "num_reviews": 3, "CLEANLINESS": 5.0, "ROOM": 3.0, "SERVICE": 5.0, "LOCATION": 5.0, "VALUE": 5.0, "COMFORT": 0, "overall_ratingsource": 4.6, "mean_score": 92.0, "business_id": "usa_san francisco_university_club", "hotel_street": "800 powell st.", "rcount": 3, "placeId": 135689060, "lat": 37.8067291, "lng": -122.4121526, "bathroom": 0.0, "bed": 0.0, "checkin": 0.0, "cleanliness": 0.0, "coffee": 0.0, "comfort": 0.0, "drink": 0.0, "facility": 0.19063333333333332, "food": 0.0, "general": 0.1468, "location": 0.0, "parking": 0.0, "quietness": 0.0, "room": 0.0, "size": 0.0, "staff": 0.0, "style": 0.0, "view": 0.0, "wifi": 0.0}, {"Unnamed: 0": "usa_san francisco_alexander_inn", "hotel_name": "alexander inn", "hotel_url": "http://www.tripadvisor.com/ShowUserReviews-g60713-d80821-r32202656-Alexander_Inn-San_Francisco_California.html", "street": "415 o'farrell street", "city": "san francisco", "state": "ca", "country": "USA", "zip": "94102", "class": -1, "price": 0.0, "num_reviews": 8, "CLEANLINESS": 2.333333333, "ROOM": 1.6666666669999999, "SERVICE": 2.0, "LOCATION": 3.333333333, "VALUE": 1.6666666669999999, "COMFORT": 0, "overall_ratingsource": 2.2, "mean_score": 44.0, "business_id": "usa_san francisco_alexander_inn", "hotel_street": "415 o'farrell street", "rcount": 8, "placeId": 205946107, "lat": 37.7858514255319, "lng": -122.411813957447, "bathroom": 0.0, "bed": 0.0, "checkin": 0.0, "cleanliness": 0.0, "coffee": 0.0, "comfort": 0.0, "drink": 0.0, "facility": 0.0615875, "food": 0.0781375, "general": 0.0252875, "location": 0.05505, "parking": 0.0, "quietness": 0.0, "room": 0.0, "size": 0.0, "staff": -0.0617375, "style": 0.0, "view": 0.0, "wifi": 0.0}, {"Unnamed: 0": "usa_san francisco_spaulding_hotel", "hotel_name": "spaulding hotel", "hotel_url": "http://www.tripadvisor.com/ShowUserReviews-g60713-d513122-r50532640-Spaulding_Hotel-San_Francisco_California.html", "street": "240 o' farrell st", "city": "san francisco", "state": "ca", "country": "USA", "zip": "94102", "class": -1, "price": 0.0, "num_reviews": 55, "CLEANLINESS": 2.620689655, "ROOM": 2.517241379, "SERVICE": 2.551724138, "LOCATION": 3.931034483, "VALUE": 2.7241379310000005, "COMFORT": 0, "overall_ratingsource": 2.868965517, "mean_score": 57.379310339999996, "business_id": "usa_san francisco_spaulding_hotel", "hotel_street": "240 o' farrell st", "rcount": 55, "bathroom": 0.0, "bed": 0.0, "checkin": 0.0, "cleanliness": 0.0, "coffee": 0.0, "comfort": 0.0, "drink": 0.0, "facility": 0.0260375, "food": 0.0436, "general": 0.03846875, "location": 0.14821388888888887, "parking": 0.0, "quietness": 0.0, "room": 0.0, "size": 0.0, "staff": -0.017504166666666664, "style": 0.0, "view": 0.0, "wifi": 0.0}, {"Unnamed: 0": "usa_san francisco_americas_best_value_inn_suites_soma", "hotel_name": "americas best value inn suites soma", "hotel_url": "http://www.tripadvisor.com/ShowUserReviews-g60713-d288687-r47838114-Americas_Best_Value_Inn_Suites_SOMA-San_Francisco_California.html", "street": "10 hallam street", "city": "san francisco", "state": "ca", "country": "USA", "zip": "94103", "class": -1, "price": 0.0, "num_reviews": 14, "CLEANLINESS": 2.75, "ROOM": 2.833333333, "SERVICE": 2.666666667, "LOCATION": 3.083333333, "VALUE": 3.166666667, "COMFORT": 0, "overall_ratingsource": 2.9, "mean_score": 58.0, "business_id": "usa_san francisco_americas_best_value_inn_suites_soma", "hotel_street": "10 hallam street", "rcount": 14, "placeId": 205959731, "lat": 37.7757850833333, "lng": -122.408778916667, "bathroom": 0.0, "bed": 0.0, "checkin": 0.0, "cleanliness": 0.0, "coffee": 0.0, "comfort": 0.0, "drink": 0.0, "facility": 0.04824285714285714, "food": 0.03145714285714286, "general": 0.06915, "location": 0.045457142857142856, "parking": 0.0, "quietness": 0.0, "room": 0.0, "size": 0.0, "staff": 0.07167142857142858, "style": 0.0, "view": 0.0, "wifi": 0.0}, {"Unnamed: 0": "usa_san francisco_alpha_inn_and_suites_san_francisco", "hotel_name": "alpha inn and suites san francisco", "hotel_url": "http://www.tripadvisor.com/ShowUserReviews-g60713-d80978-r48415681-Alpha_Inn_and_Suites_San_Francisco-San_Francisco_California.html", "street": "2505 lombard street", "city": "san francisco", "state": "ca", "country": "USA", "zip": "94123", "class": -1, "price": 0.0, "num_reviews": 24, "CLEANLINESS": 2.357142857, "ROOM": 2.5714285709999998, "SERVICE": 2.785714286, "LOCATION": 3.428571429, "VALUE": 2.5, "COMFORT": 0, "overall_ratingsource": 2.7285714289999996, "mean_score": 54.57142857999999, "business_id": "usa_san francisco_alpha_inn_and_suites_san_francisco", "hotel_street": "2505 lombard street", "rcount": 24, "placeId": 128367101, "lat": 37.79872785, "lng": -122.442796151212, "bathroom": 0.0, "bed": 0.0, "checkin": 0.0, "cleanliness": 0.0, "coffee": 0.0, "comfort": 0.0, "drink": 0.0, "facility": 0.05106000000000001, "food": 0.044905, "general": 0.028300000000000002, "location": 0.08668333333333333, "parking": 0.0, "quietness": 0.0, "room": 0.0, "size": 0.0, "staff": -0.037930000000000005, "style": 0.0, "view": 0.0, "wifi": 0.0}, {"Unnamed: 0": "usa_san francisco_rodeway_inn_civic_center", "hotel_name": "rodeway inn civic center", "hotel_url": "http://www.tripadvisor.com/ShowUserReviews-g60713-d81256-r49358683-Rodeway_Inn_Civic_Center-San_Francisco_California.html", "street": "860 eddy street", "city": "san francisco", "state": "ca", "country": "USA", "zip": "94109", "class": -1, "price": 0.0, "num_reviews": 27, "CLEANLINESS": 2.388888889, "ROOM": 2.222222222, "SERVICE": 2.0, "LOCATION": 2.5, "VALUE": 2.111111111, "COMFORT": 0, "overall_ratingsource": 2.244444444, "mean_score": 44.888888879999996, "business_id": "usa_san francisco_rodeway_inn_civic_center", "hotel_street": "860 eddy street", "rcount": 27, "placeId": 267957695, "lat": 37.7822723, "lng": -122.4215469, "bathroom": 0.0, "bed": 0.0, "checkin": 0.0, "cleanliness": 0.0, "coffee": 0.0, "comfort": 0.0, "drink": 0.0, "facility": -0.0065714285714285735, "food": 0.030107142857142857, "general": -0.08337142857142857, "location": -0.01801714285714286, "parking": 0.0, "quietness": 0.0, "room": 0.0, "size": 0.0, "staff": -0.034616666666666664, "style": 0.0, "view": 0.0, "wifi": 0.0}, {"Unnamed: 0": "usa_san francisco_aida_hotel", "hotel_name": "aida hotel", "hotel_url": "http://www.tripadvisor.com/ShowUserReviews-g60713-d291689-r37251708-Aida_Hotel-San_Francisco_California.html", "street": "1087 market street", "city": "san francisco", "state": "ca", "country": "USA", "zip": "94103", "class": -1, "price": 0.0, "num_reviews": 22, "CLEANLINESS": 2.1176470590000003, "ROOM": 1.8235294119999998, "SERVICE": 2.352941176, "LOCATION": 2.411764706, "VALUE": 1.941176471, "COMFORT": 0, "overall_ratingsource": 2.129411765, "mean_score": 42.5882353, "business_id": "usa_san francisco_aida_hotel", "hotel_street": "1087 market street", "rcount": 22, "placeId": 205947331, "lat": 37.7806141020408, "lng": -122.411974673469, "bathroom": 0.0, "bed": 0.0, "checkin": 0.0, "cleanliness": 0.0, "coffee": 0.0, "comfort": 0.0, "drink": 0.0, "facility": -0.0368, "food": 0.0714875, "general": 0.0, "location": -0.03905625, "parking": 0.0, "quietness": 0.0, "room": 0.0, "size": 0.0, "staff": 0.0, "style": 0.0, "view": 0.0, "wifi": 0.0}, {"Unnamed: 0": "usa_san francisco_travelodge_central_san_francisco_hotel", "hotel_name": "travelodge central san francisco hotel", "hotel_url": "http://www.tripadvisor.com/ShowUserReviews-g60713-d1223830-r50186698-Travelodge_Central_San_Francisco_Hotel-San_Francisco_California.html", "street": "1707 market street", "city": "san francisco", "state": "ca", "country": "USA", "zip": "94103", "class": -1, "price": 0.0, "num_reviews": 107, "CLEANLINESS": 2.516129032, "ROOM": 2.14516129, "SERVICE": 2.306451613, "LOCATION": 3.177419355, "VALUE": 2.451612903, "COMFORT": 0, "overall_ratingsource": 2.519354839, "mean_score": 50.38709678, "business_id": "usa_san francisco_travelodge_central_san_francisco_hotel", "hotel_street": "1707 market street", "rcount": 107, "placeId": 247277055, "lat": 37.7720166, "lng": -122.421938409543, "bathroom": 0.0, "bed": 0.0, "checkin": 0.0, "cleanliness": 0.0, "coffee": 0.0, "comfort": 0.0, "drink": 0.0, "facility": 0.015184375000000002, "food": 0.06885277777777779, "general": -0.013431250000000004, "location": 0.06559652777777776, "parking": 0.0, "quietness": 0.0, "room": 0.0, "size": 0.0, "staff": 0.006314236111111112, "style": 0.0, "view": 0.0, "wifi": 0.0}, {"Unnamed: 0": "usa_san francisco_verona", "hotel_name": "verona", "hotel_url": "http://www.tripadvisor.com/ShowUserReviews-g60713-d81526-r38382784-Verona-San_Francisco_California.html", "street": "317 leavenworth street", "city": "san francisco", "state": "ca", "country": "USA", "zip": "94102", "class": -1, "price": 0.0, "num_reviews": 21, "CLEANLINESS": 1.642857143, "ROOM": 1.5, "SERVICE": 2.142857143, "LOCATION": 1.857142857, "VALUE": 1.928571429, "COMFORT": 0, "overall_ratingsource": 1.8142857140000002, "mean_score": 36.28571428, "business_id": "usa_san francisco_verona", "hotel_street": "317 leavenworth street", "rcount": 21, "placeId": 205945268, "lat": 37.7839455055914, "lng": -122.414391615628, "bathroom": 0.0, "bed": 0.0, "checkin": 0.0, "cleanliness": 0.0, "coffee": 0.0, "comfort": 0.0, "drink": 0.0, "facility": 0.0, "food": -0.004175000000000001, "general": -0.010182499999999994, "location": -0.0221275, "parking": 0.0, "quietness": 0.0, "room": 0.0, "size": 0.0, "staff": 0.068205, "style": 0.0, "view": 0.0, "wifi": 0.0}, {"Unnamed: 0": "usa_san francisco_beach_motel", "hotel_name": "beach motel", "hotel_url": "http://www.tripadvisor.com/ShowUserReviews-g60713-d549444-r48130410-Beach_Motel-San_Francisco_California.html", "street": "4211 judah st", "city": "san francisco", "state": "ca", "country": "USA", "zip": "94122", "class": -1, "price": 0.0, "num_reviews": 10, "CLEANLINESS": 1.8, "ROOM": 1.6, "SERVICE": 1.4, "LOCATION": 2.0, "VALUE": 1.4, "COMFORT": 0, "overall_ratingsource": 1.64, "mean_score": 32.8, "business_id": "usa_san francisco_beach_motel", "hotel_street": "4211 judah st", "rcount": 10, "bathroom": 0.0, "bed": 0.0, "checkin": 0.0, "cleanliness": 0.0, "coffee": 0.0, "comfort": 0.0, "drink": 0.0, "facility": 0.05106000000000001, "food": 0.0, "general": -0.03738999999999999, "location": 0.06801600000000001, "parking": 0.0, "quietness": 0.0, "room": 0.0, "size": 0.0, "staff": 0.10798, "style": 0.0, "view": 0.0, "wifi": 0.0}]}, {"name": "section-2", "children": [{"Unnamed: 0": "usa_san francisco_the_orchard_hotel", "hotel_name": "the orchard hotel", "hotel_url": "http://www.tripadvisor.com/ShowUserReviews-g60713-d217844-r50220538-The_Orchard_Hotel-San_Francisco_California.html", "street": "665 bush street", "city": "san francisco", "state": "ca", "country": "USA", "zip": "94108", "class": -1, "price": 0.0, "num_reviews": 333, "CLEANLINESS": 4.687707641, "ROOM": 4.584717608, "SERVICE": 4.465116279, "LOCATION": 4.6910299, "VALUE": 4.514950166, "COMFORT": 0, "overall_ratingsource": 4.588704319, "mean_score": 91.77408638, "business_id": "usa_san francisco_the_orchard_hotel", "hotel_street": "665 bush street", "rcount": 333, "bathroom": 0.0, "bed": 0.0, "checkin": 0.0, "cleanliness": 0.0, "coffee": 0.0, "comfort": 0.0, "drink": 0.0, "facility": 0.02437524752475248, "food": 0.09146040979097912, "general": 0.23428673267326722, "location": 0.17051750825082507, "parking": 0.0, "quietness": 0.0, "room": 0.0, "size": 0.0, "staff": 0.22763861386138598, "style": 0.0, "view": 0.0, "wifi": 0.0}, {"Unnamed: 0": "usa_san francisco_hotel_abri_union_square_a_larkspur_collection_hotel", "hotel_name": "hotel abri union square a larkspur collection hotel", "hotel_url": "http://www.tripadvisor.com/ShowUserReviews-g60713-d81165-r49939335-Hotel_Abri_Union_Square_A_Larkspur_Collection_Hotel-San_Francisco_California.html", "street": "127 ellis street", "city": "san francisco", "state": "ca", "country": "USA", "zip": "94102", "class": -1, "price": 0.0, "num_reviews": 167, "CLEANLINESS": 4.554545455, "ROOM": 4.163636363999999, "SERVICE": 4.563636364, "LOCATION": 4.690909091, "VALUE": 4.527272727, "COMFORT": 0, "overall_ratingsource": 4.5, "mean_score": 90.0, "business_id": "usa_san francisco_hotel_abri_union_square_a_larkspur_collection_hotel", "hotel_street": "127 ellis street", "rcount": 167, "bathroom": 0.0, "bed": 0.0, "checkin": 0.0, "cleanliness": 0.0, "coffee": 0.0, "comfort": 0.0, "drink": 0.0, "facility": 0.015576000000000001, "food": 0.055810700000000005, "general": 0.13984560000000001, "location": 0.1927614809523809, "parking": 0.0, "quietness": 0.0, "room": 0.0, "size": 0.0, "staff": 0.19024974999999997, "style": 0.0, "view": 0.0, "wifi": 0.0}, {"Unnamed: 0": "usa_san francisco_suites_at_fisherman_s_wharf", "hotel_name": "suites at fisherman s wharf", "hotel_url": "http://www.tripadvisor.com/ShowUserReviews-g60713-d247005-r50451112-Suites_at_Fisherman_s_Wharf-San_Francisco_California.html", "street": "2655 hyde street", "city": "san francisco", "state": "ca", "country": "USA", "zip": "94109-1249", "class": -1, "price": 0.0, "num_reviews": 66, "CLEANLINESS": 4.527272727, "ROOM": 4.2, "SERVICE": 4.563636364, "LOCATION": 4.690909091, "VALUE": 4.345454545, "COMFORT": 0, "overall_ratingsource": 4.465454545, "mean_score": 89.3090909, "business_id": "usa_san francisco_suites_at_fisherman_s_wharf", "hotel_street": "2655 hyde street", "rcount": 66, "bathroom": 0.0, "bed": 0.0, "checkin": 0.0, "cleanliness": 0.0, "coffee": 0.0, "comfort": 0.0, "drink": 0.0, "facility": 0.0, "food": 0.050133333333333335, "general": 0.21005833333333337, "location": 0.17274222222222227, "parking": 0.0, "quietness": 0.0, "room": 0.0, "size": 0.0, "staff": 0.25068916666666663, "style": 0.0, "view": 0.0, "wifi": 0.0}, {"Unnamed: 0": "usa_san francisco_villa_florence_hotel_union_square_a_larkspur_collection_hotel", "hotel_name": "villa florence hotel union square a larkspur collection hotel", "hotel_url": "http://www.tripadvisor.com/ShowUserReviews-g60713-d81529-r50463735-Villa_Florence_Hotel_Union_Square_A_Larkspur_Collection_Hotel-San_Francisco_California.html", "street": "225 powell street", "city": "san francisco", "state": "ca", "country": "USA", "zip": "94102", "class": -1, "price": 0.0, "num_reviews": 257, "CLEANLINESS": 4.194968553, "ROOM": 3.849056604, "SERVICE": 4.257861635, "LOCATION": 4.742138365, "VALUE": 4.094339623, "COMFORT": 0, "overall_ratingsource": 4.227672956, "mean_score": 84.55345912, "business_id": "usa_san francisco_villa_florence_hotel_union_square_a_larkspur_collection_hotel", "hotel_street": "225 powell street", "rcount": 257, "placeId": 205962877, "lat": 37.7866916530612, "lng": -122.40819777551, "bathroom": 0.0, "bed": 0.0, "checkin": 0.0, "cleanliness": 0.0, "coffee": 0.0, "comfort": 0.0, "drink": 0.0, "facility": 0.04140411522633745, "food": 0.11690582010582014, "general": 0.17889305555555554, "location": 0.15270441358024692, "parking": 0.0, "quietness": 0.0, "room": 0.0, "size": 0.0, "staff": 0.1505965534979424, "style": 0.0, "view": 0.0, "wifi": 0.0}, {"Unnamed: 0": "usa_san francisco_hotel_diva", "hotel_name": "hotel diva", "hotel_url": "http://www.tripadvisor.com/ShowUserReviews-g60713-d112303-r49781288-Hotel_Diva-San_Francisco_California.html", "street": "440 geary street", "city": "san francisco", "state": "ca", "country": "USA", "zip": "94102", "class": -1, "price": 0.0, "num_reviews": 220, "CLEANLINESS": 4.346774194, "ROOM": 3.870967742, "SERVICE": 4.1693548389999995, "LOCATION": 4.596774194, "VALUE": 4.064516128999999, "COMFORT": 0, "overall_ratingsource": 4.209677419, "mean_score": 84.19354838000001, "business_id": "usa_san francisco_hotel_diva", "hotel_street": "440 geary street", "rcount": 220, "bathroom": 0.0, "bed": 0.0, "checkin": 0.0, "cleanliness": 0.0, "coffee": 0.0, "comfort": 0.0, "drink": 0.0, "facility": 0.04377157534246576, "food": 0.05144514840182649, "general": 0.172923002283105, "location": 0.11729275766470973, "parking": 0.0, "quietness": 0.0, "room": 0.0, "size": 0.0, "staff": 0.17781481735159813, "style": 0.0, "view": 0.0, "wifi": 0.0}, {"Unnamed: 0": "usa_san francisco_renaissance_stanford_court", "hotel_name": "renaissance stanford court", "hotel_url": "http://www.tripadvisor.com/ShowUserReviews-g60713-d80747-r49977911-Renaissance_Stanford_Court-San_Francisco_California.html", "street": "905 california street", "city": "san francisco", "state": "ca", "country": "USA", "zip": "94108", "class": -1, "price": 0.0, "num_reviews": 294, "CLEANLINESS": 4.341772152, "ROOM": 3.936708861, "SERVICE": 4.101265823, "LOCATION": 4.449367089, "VALUE": 3.981012658, "COMFORT": 0, "overall_ratingsource": 4.162025316, "mean_score": 83.24050632000001, "business_id": "usa_san francisco_renaissance_stanford_court", "hotel_street": "905 california street", "rcount": 294, "bathroom": 0.0, "bed": 0.0, "checkin": 0.0, "cleanliness": 0.0, "coffee": 0.0, "comfort": 0.0, "drink": 0.0, "facility": 0.03953436329588016, "food": 0.11927434456928838, "general": 0.15998434456928837, "location": 0.1501090636704119, "parking": 0.0, "quietness": 0.0, "room": 0.0, "size": 0.0, "staff": 0.17200593632958805, "style": 0.0, "view": 0.0, "wifi": 0.0}, {"Unnamed: 0": "usa_san francisco_larkspur_hotel_union_square", "hotel_name": "larkspur hotel union square", "hotel_url": "http://www.tripadvisor.com/ShowUserReviews-g60713-d112325-r49922003-Larkspur_Hotel_Union_Square-San_Francisco_California.html", "street": "524 sutter street", "city": "san francisco", "state": "ca", "country": "USA", "zip": "94102", "class": -1, "price": 0.0, "num_reviews": 285, "CLEANLINESS": 4.352272727, "ROOM": 3.545454545, "SERVICE": 4.159090909, "LOCATION": 4.5738636360000005, "VALUE": 4.0738636360000005, "COMFORT": 0, "overall_ratingsource": 4.140909091, "mean_score": 82.81818182, "business_id": "usa_san francisco_larkspur_hotel_union_square", "hotel_street": "524 sutter street", "rcount": 285, "placeId": 136321119, "lat": 37.78944105, "lng": -122.409200516081, "bathroom": 0.0, "bed": 0.0, "checkin": 0.0, "cleanliness": 0.0, "coffee": 0.0, "comfort": 0.0, "drink": 0.0, "facility": 0.03666338028169014, "food": 0.17752679707876895, "general": 0.1725713067292644, "location": 0.1550898406601223, "parking": 0.0, "quietness": 0.0, "room": 0.0, "size": 0.0, "staff": 0.22416152582159632, "style": 0.0, "view": 0.0, "wifi": 0.0}, {"Unnamed: 0": "usa_san francisco_handlery_union_square_hotel", "hotel_name": "handlery union square hotel", "hotel_url": "http://www.tripadvisor.com/ShowUserReviews-g60713-d81019-r49655533-Handlery_Union_Square_Hotel-San_Francisco_California.html", "street": "351 geary street", "city": "san francisco", "state": "ca", "country": "USA", "zip": "94102", "class": -1, "price": 0.0, "num_reviews": 443, "CLEANLINESS": 4.011029412, "ROOM": 3.661764706, "SERVICE": 3.9375, "LOCATION": 4.643382353, "VALUE": 3.8161764710000003, "COMFORT": 0, "overall_ratingsource": 4.013970588, "mean_score": 80.27941176, "business_id": "usa_san francisco_handlery_union_square_hotel", "hotel_street": "351 geary street", "rcount": 443, "placeId": 205951008, "lat": 37.787170755102, "lng": -122.409047673469, "bathroom": 0.0, "bed": 0.0, "checkin": 0.0, "cleanliness": 0.0, "coffee": 0.0, "comfort": 0.0, "drink": 0.0, "facility": 0.05375583881578948, "food": 0.10189366776315788, "general": 0.1468119243421052, "location": 0.18793994987468654, "parking": 0.0, "quietness": 0.0, "room": 0.0, "size": 0.0, "staff": 0.1609798519736843, "style": 0.0, "view": 0.0, "wifi": 0.0}, {"Unnamed: 0": "usa_san francisco_prescott_hotel_a_kimpton_hotel", "hotel_name": "prescott hotel a kimpton hotel", "hotel_url": "http://www.tripadvisor.com/ShowUserReviews-g60713-d81215-r50079255-Prescott_Hotel_a_Kimpton_Hotel-San_Francisco_California.html", "street": "545 post street", "city": "san francisco", "state": "ca", "country": "USA", "zip": "94102", "class": -1, "price": 0.0, "num_reviews": 216, "CLEANLINESS": 4.22556391, "ROOM": 3.714285714, "SERVICE": 4.0, "LOCATION": 4.5939849619999995, "VALUE": 3.932330827, "COMFORT": 0, "overall_ratingsource": 4.093233083, "mean_score": 81.86466166000001, "business_id": "usa_san francisco_prescott_hotel_a_kimpton_hotel", "hotel_street": "545 post street", "rcount": 216, "placeId": 6135341, "lat": 37.7878962, "lng": -122.410734, "bathroom": 0.0, "bed": 0.0, "checkin": 0.0, "cleanliness": 0.0, "coffee": 0.0, "comfort": 0.0, "drink": 0.0, "facility": 0.01715381944444445, "food": 0.10866496527777778, "general": 0.19263231481481483, "location": 0.12801622685185188, "parking": 0.0, "quietness": 0.0, "room": 0.0, "size": 0.0, "staff": 0.16233487268518518, "style": 0.0, "view": 0.0, "wifi": 0.0}, {"Unnamed: 0": "usa_san francisco_hotel_fusion", "hotel_name": "hotel fusion", "hotel_url": "http://www.tripadvisor.com/ShowUserReviews-g60713-d243535-r50279042-Hotel_Fusion-San_Francisco_California.html", "street": "140 ellis street", "city": "san francisco", "state": "ca", "country": "USA", "zip": "94102", "class": -1, "price": 0.0, "num_reviews": 180, "CLEANLINESS": 4.360902256, "ROOM": 3.593984962, "SERVICE": 4.0075187969999995, "LOCATION": 4.661654135, "VALUE": 4.090225564, "COMFORT": 0, "overall_ratingsource": 4.1428571430000005, "mean_score": 82.85714286000001, "business_id": "usa_san francisco_hotel_fusion", "hotel_street": "140 ellis street", "rcount": 180, "placeId": 205948440, "lat": 37.7854920952381, "lng": -122.408505857143, "bathroom": 0.0, "bed": 0.0, "checkin": 0.0, "cleanliness": 0.0, "coffee": 0.0, "comfort": 0.0, "drink": 0.0, "facility": -0.002975653594771242, "food": 0.09023562091503268, "general": 0.17897165032679738, "location": 0.16177064814814812, "parking": 0.0, "quietness": 0.0, "room": 0.0, "size": 0.0, "staff": 0.15996475490196077, "style": 0.0, "view": 0.0, "wifi": 0.0}, {"Unnamed: 0": "usa_san francisco_hotel_union_square", "hotel_name": "hotel union square", "hotel_url": "http://www.tripadvisor.com/ShowUserReviews-g60713-d81520-r50020604-Hotel_Union_Square-San_Francisco_California.html", "street": "114 powell street", "city": "san francisco", "state": "ca", "country": "USA", "zip": "94102", "class": -1, "price": 0.0, "num_reviews": 190, "CLEANLINESS": 3.976923077, "ROOM": 3.215384615, "SERVICE": 3.792307692, "LOCATION": 4.592307691999999, "VALUE": 3.538461538, "COMFORT": 0, "overall_ratingsource": 3.823076923, "mean_score": 76.46153846, "business_id": "usa_san francisco_hotel_union_square", "hotel_street": "114 powell street", "rcount": 190, "placeId": 135689060, "lat": 37.8067291, "lng": -122.4121526, "bathroom": 0.0, "bed": 0.0, "checkin": 0.0, "cleanliness": 0.0, "coffee": 0.0, "comfort": 0.0, "drink": 0.0, "facility": 0.02942056074766355, "food": 0.0957278104138852, "general": 0.18326394080996883, "location": 0.1905425611927014, "parking": 0.0, "quietness": 0.0, "room": 0.0, "size": 0.0, "staff": 0.18310342679127728, "style": 0.0, "view": 0.0, "wifi": 0.0}, {"Unnamed: 0": "usa_san francisco_comfort_inn_by_the_bay", "hotel_name": "comfort inn by the bay", "hotel_url": "http://www.tripadvisor.com/ShowUserReviews-g60713-d80930-r50204569-Comfort_Inn_by_the_Bay-San_Francisco_California.html", "street": "2775 van ness avenue", "city": "san francisco", "state": "ca", "country": "USA", "zip": "94109-1497", "class": -1, "price": 0.0, "num_reviews": 212, "CLEANLINESS": 3.945454545, "ROOM": 3.627272727, "SERVICE": 3.6363636360000005, "LOCATION": 4.145454545, "VALUE": 3.8, "COMFORT": 0, "overall_ratingsource": 3.830909091, "mean_score": 76.61818182, "business_id": "usa_san francisco_comfort_inn_by_the_bay", "hotel_street": "2775 van ness avenue", "rcount": 212, "placeId": 185187232, "lat": 37.7986461, "lng": -122.4239374, "bathroom": 0.0, "bed": 0.0, "checkin": 0.0, "cleanliness": 0.0, "coffee": 0.0, "comfort": 0.0, "drink": 0.0, "facility": 0.017674427480916032, "food": 0.11852628498727737, "general": 0.16995966921119593, "location": 0.15199273536895677, "parking": 0.0, "quietness": 0.0, "room": 0.0, "size": 0.0, "staff": 0.1399022646310432, "style": 0.0, "view": 0.0, "wifi": 0.0}, {"Unnamed: 0": "usa_san francisco_travelodge_golden_gate_san_francisco", "hotel_name": "travelodge golden gate san francisco", "hotel_url": "http://www.tripadvisor.com/ShowUserReviews-g60713-d81503-r48089996-Travelodge_Golden_Gate_San_Francisco-San_Francisco_California.html", "street": "2230 lombard street", "city": "san francisco", "state": "ca", "country": "USA", "zip": "94123", "class": -1, "price": 0.0, "num_reviews": 75, "CLEANLINESS": 4.027777778, "ROOM": 3.472222222, "SERVICE": 3.75, "LOCATION": 4.0, "VALUE": 3.888888889, "COMFORT": 0, "overall_ratingsource": 3.827777778, "mean_score": 76.55555556, "business_id": "usa_san francisco_travelodge_golden_gate_san_francisco", "hotel_street": "2230 lombard street", "rcount": 75, "placeId": 140283768, "lat": 37.79984975, "lng": -122.438442816223, "bathroom": 0.0, "bed": 0.0, "checkin": 0.0, "cleanliness": 0.0, "coffee": 0.0, "comfort": 0.0, "drink": 0.0, "facility": 0.08800166666666669, "food": 0.15205166666666667, "general": 0.17522222222222225, "location": 0.14536927777777778, "parking": 0.0, "quietness": 0.0, "room": 0.0, "size": 0.0, "staff": 0.1289927777777778, "style": 0.0, "view": 0.0, "wifi": 0.0}, {"Unnamed: 0": "usa_san francisco_stanyan_park_hotel", "hotel_name": "stanyan park hotel", "hotel_url": "http://www.tripadvisor.com/ShowUserReviews-g60713-d74059-r33499432-Stanyan_Park_Hotel-San_Francisco_California.html", "street": "750 stanyan street", "city": "san francisco", "state": "ca", "country": "USA", "zip": "94117", "class": -1, "price": 0.0, "num_reviews": 24, "CLEANLINESS": 4.272727273, "ROOM": 3.1818181819999998, "SERVICE": 3.727272727, "LOCATION": 3.9090909089999997, "VALUE": 3.3636363639999995, "COMFORT": 0, "overall_ratingsource": 3.6909090910000004, "mean_score": 73.81818182, "business_id": "usa_san francisco_stanyan_park_hotel", "hotel_street": "750 stanyan street", "rcount": 24, "placeId": 198948880, "lat": 37.7680989, "lng": -122.453106198183, "bathroom": 0.0, "bed": 0.0, "checkin": 0.0, "cleanliness": 0.0, "coffee": 0.0, "comfort": 0.0, "drink": 0.0, "facility": 0.030936956521739133, "food": 0.08808188405797102, "general": 0.08538260869565217, "location": 0.1663590579710145, "parking": 0.0, "quietness": 0.0, "room": 0.0, "size": 0.0, "staff": 0.28025978260869566, "style": 0.0, "view": 0.0, "wifi": 0.0}]}, {"name": "section-3", "children": [{"Unnamed: 0": "usa_san francisco_chelsea_motor_inn", "hotel_name": "chelsea motor inn", "hotel_url": "http://www.tripadvisor.com/ShowUserReviews-g60713-d119623-r48341274-Chelsea_Motor_Inn-San_Francisco_California.html", "street": "2095 lombard st", "city": "san francisco", "state": "ca", "country": "USA", "zip": "94123", "class": -1, "price": 0.0, "num_reviews": 87, "CLEANLINESS": 4.277777778, "ROOM": 4.0, "SERVICE": 3.907407407, "LOCATION": 4.12962963, "VALUE": 4.462962963, "COMFORT": 0, "overall_ratingsource": 4.155555556, "mean_score": 83.11111112, "business_id": "usa_san francisco_chelsea_motor_inn", "hotel_street": "2095 lombard st", "rcount": 87, "placeId": 80876421, "lat": 37.79958375, "lng": -122.435714643112, "bathroom": 0.0, "bed": 0.0, "checkin": 0.0, "cleanliness": 0.0, "coffee": 0.0, "comfort": 0.0, "drink": 0.0, "facility": 0.17599583333333338, "food": 0.06333666666666668, "general": 0.15246875000000001, "location": 0.09149732142857142, "parking": 0.0, "quietness": 0.0, "room": 0.0, "size": 0.0, "staff": 0.13515708333333332, "style": 0.0, "view": 0.0, "wifi": 0.0}, {"Unnamed: 0": "usa_san francisco_the_wharf_inn", "hotel_name": "the wharf inn", "hotel_url": "http://www.tripadvisor.com/ShowUserReviews-g60713-d81466-r49383175-The_Wharf_Inn-San_Francisco_California.html", "street": "2601 mason street", "city": "san francisco", "state": "ca", "country": "USA", "zip": "94133", "class": -1, "price": 0.0, "num_reviews": 104, "CLEANLINESS": 4.051724138, "ROOM": 3.448275862, "SERVICE": 3.948275862, "LOCATION": 4.689655172, "VALUE": 3.9827586210000003, "COMFORT": 0, "overall_ratingsource": 4.024137931, "mean_score": 80.48275862, "business_id": "usa_san francisco_the_wharf_inn", "hotel_street": "2601 mason street", "rcount": 104, "placeId": 143129803, "lat": 37.80774925, "lng": -122.414540382371, "bathroom": 0.0, "bed": 0.0, "checkin": 0.0, "cleanliness": 0.0, "coffee": 0.0, "comfort": 0.0, "drink": 0.0, "facility": 0.24829613526570055, "food": 0.09061637681159422, "general": 0.1451768115942029, "location": 0.13466544168391992, "parking": 0.0, "quietness": 0.0, "room": 0.0, "size": 0.0, "staff": 0.17677198067632852, "style": 0.0, "view": 0.0, "wifi": 0.0}, {"Unnamed: 0": "usa_san francisco_royal_pacific_motor_inn", "hotel_name": "royal pacific motor inn", "hotel_url": "http://www.tripadvisor.com/ShowUserReviews-g60713-d627267-r47821243-Royal_Pacific_Motor_Inn-San_Francisco_California.html", "street": "661 broadway", "city": "san francisco", "state": "ca", "country": "USA", "zip": "94133", "class": -1, "price": 0.0, "num_reviews": 26, "CLEANLINESS": 3.5, "ROOM": 3.222222222, "SERVICE": 3.5, "LOCATION": 4.277777778, "VALUE": 3.777777778, "COMFORT": 0, "overall_ratingsource": 3.6555555560000004, "mean_score": 73.11111112, "business_id": "usa_san francisco_royal_pacific_motor_inn", "hotel_street": "661 broadway", "rcount": 26, "placeId": 122091786, "lat": 37.79742265, "lng": -122.407805585088, "bathroom": 0.0, "bed": 0.0, "checkin": 0.0, "cleanliness": 0.0, "coffee": 0.0, "comfort": 0.0, "drink": 0.0, "facility": 0.28667333333333334, "food": 0.21306000000000003, "general": 0.07224, "location": 0.28019999999999995, "parking": 0.0, "quietness": 0.0, "room": 0.0, "size": 0.0, "staff": 0.10444, "style": 0.0, "view": 0.0, "wifi": 0.0}, {"Unnamed: 0": "usa_san francisco_motel_6_san_francisco_downtown", "hotel_name": "motel 6 san francisco downtown", "hotel_url": "http://www.tripadvisor.com/ShowUserReviews-g60713-d80977-r42312827-Motel_6_San_Francisco_Downtown-San_Francisco_California.html", "street": "895 geary street", "city": "san francisco", "state": "ca", "country": "USA", "zip": "94109", "class": -1, "price": 0.0, "num_reviews": 17, "CLEANLINESS": 3.0, "ROOM": 2.8, "SERVICE": 3.3, "LOCATION": 2.0, "VALUE": 2.4, "COMFORT": 0, "overall_ratingsource": 2.7, "mean_score": 54.0, "business_id": "usa_san francisco_motel_6_san_francisco_downtown", "hotel_street": "895 geary street", "rcount": 17, "placeId": 267957705, "lat": 37.7858293, "lng": -122.417846282964, "bathroom": 0.0, "bed": 0.0, "checkin": 0.0, "cleanliness": 0.0, "coffee": 0.0, "comfort": 0.0, "drink": 0.0, "facility": 0.2106875, "food": 0.06270625, "general": 0.092046875, "location": 0.11358125, "parking": 0.0, "quietness": 0.0, "room": 0.0, "size": 0.0, "staff": 0.15905312500000002, "style": 0.0, "view": 0.0, "wifi": 0.0}]}, {"name": "section-4", "children": [{"Unnamed: 0": "usa_san francisco_white_swan_inn", "hotel_name": "white swan inn", "hotel_url": "http://www.tripadvisor.com/ShowUserReviews-g60713-d112373-r50517988-White_Swan_Inn-San_Francisco_California.html", "street": "845 bush street", "city": "san francisco", "state": "ca", "country": "USA", "zip": "94108", "class": -1, "price": 0.0, "num_reviews": 226, "CLEANLINESS": 4.528571428999999, "ROOM": 4.442857143, "SERVICE": 4.614285714, "LOCATION": 4.635714286, "VALUE": 4.371428571, "COMFORT": 0, "overall_ratingsource": 4.518571429, "mean_score": 90.37142857999999, "business_id": "usa_san francisco_white_swan_inn", "hotel_street": "845 bush street", "rcount": 226, "bathroom": 0.0, "bed": 0.0, "checkin": 0.0, "cleanliness": 0.0, "coffee": 0.0, "comfort": 0.0, "drink": 0.0, "facility": 0.019497727272727274, "food": 0.23287571969696969, "general": 0.21570109848484847, "location": 0.09262132575757577, "parking": 0.0, "quietness": 0.0, "room": 0.0, "size": 0.0, "staff": 0.23755435606060604, "style": 0.0, "view": 0.0, "wifi": 0.0}, {"Unnamed: 0": "usa_san francisco_courtyard_san_francisco_downtown", "hotel_name": "courtyard san francisco downtown", "hotel_url": "http://www.tripadvisor.com/ShowUserReviews-g60713-d223955-r48832440-Courtyard_San_Francisco_Downtown-San_Francisco_California.html", "street": "299 second street", "city": "san francisco", "state": "ca", "country": "USA", "zip": "94105", "class": -1, "price": 0.0, "num_reviews": 150, "CLEANLINESS": 4.531914894, "ROOM": 4.287234043, "SERVICE": 4.212765957, "LOCATION": 4.031914894, "VALUE": 4.159574468, "COMFORT": 0, "overall_ratingsource": 4.244680851, "mean_score": 84.89361702, "business_id": "usa_san francisco_courtyard_san_francisco_downtown", "hotel_street": "299 second street", "rcount": 150, "bathroom": 0.0, "bed": 0.0, "checkin": 0.0, "cleanliness": 0.0, "coffee": 0.0, "comfort": 0.0, "drink": 0.0, "facility": 0.06730416666666666, "food": 0.07395964052287582, "general": 0.2118659430438842, "location": 0.08613993697478993, "parking": 0.0, "quietness": 0.0, "room": 0.0, "size": 0.0, "staff": 0.16595598039215684, "style": 0.0, "view": 0.0, "wifi": 0.0}, {"Unnamed: 0": "usa_san francisco_best_western_carriage_inn", "hotel_name": "best western carriage inn", "hotel_url": "http://www.tripadvisor.com/ShowUserReviews-g60713-d80864-r50252727-Best_Western_Carriage_Inn-San_Francisco_California.html", "street": "140 seventh street", "city": "san francisco", "state": "ca", "country": "USA", "zip": "94103", "class": -1, "price": 0.0, "num_reviews": 86, "CLEANLINESS": 4.479166667, "ROOM": 4.229166667, "SERVICE": 4.229166667, "LOCATION": 3.291666667, "VALUE": 4.145833333, "COMFORT": 0, "overall_ratingsource": 4.075, "mean_score": 81.5, "business_id": "usa_san francisco_best_western_carriage_inn", "hotel_street": "140 seventh street", "rcount": 86, "bathroom": 0.0, "bed": 0.0, "checkin": 0.0, "cleanliness": 0.0, "coffee": 0.0, "comfort": 0.0, "drink": 0.0, "facility": 0.039168421052631575, "food": 0.10496286549707602, "general": 0.24786330409356722, "location": 0.015151052631578949, "parking": 0.0, "quietness": 0.0, "room": 0.0, "size": 0.0, "staff": 0.16497076023391807, "style": 0.0, "view": 0.0, "wifi": 0.0}, {"Unnamed: 0": "usa_san francisco_intercontinental_mark_hopkins_san_francisco", "hotel_name": "intercontinental mark hopkins san francisco", "hotel_url": "http://www.tripadvisor.com/ShowUserReviews-g60713-d115623-r50247742-InterContinental_Mark_Hopkins_San_Francisco-San_Francisco_California.html", "street": "number one nob hill", "city": "san francisco", "state": "ca", "country": "USA", "zip": "94108", "class": -1, "price": 0.0, "num_reviews": 323, "CLEANLINESS": 4.436548223, "ROOM": 4.050761421, "SERVICE": 3.868020305, "LOCATION": 4.345177665, "VALUE": 3.7766497460000004, "COMFORT": 0, "overall_ratingsource": 4.095431472, "mean_score": 81.90862944, "business_id": "usa_san francisco_intercontinental_mark_hopkins_san_francisco", "hotel_street": "number one nob hill", "rcount": 323, "bathroom": 0.0, "bed": 0.0, "checkin": 0.0, "cleanliness": 0.0, "coffee": 0.0, "comfort": 0.0, "drink": 0.0, "facility": 0.040566103603603604, "food": 0.12101422672672671, "general": 0.15110508258258262, "location": 0.0854375075075075, "parking": 0.0, "quietness": 0.0, "room": 0.0, "size": 0.0, "staff": 0.1477657582582582, "style": 0.0, "view": 0.0, "wifi": 0.0}, {"Unnamed: 0": "usa_san francisco_cova_hotel", "hotel_name": "cova hotel", "hotel_url": "http://www.tripadvisor.com/ShowUserReviews-g60713-d1119270-r50498522-Cova_Hotel-San_Francisco_California.html", "street": "655 ellis street", "city": "san francisco", "state": "ca", "country": "USA", "zip": "94109", "class": -1, "price": 0.0, "num_reviews": 51, "CLEANLINESS": 4.638297872, "ROOM": 4.425531915, "SERVICE": 4.234042553, "LOCATION": 2.829787234, "VALUE": 4.234042553, "COMFORT": 0, "overall_ratingsource": 4.072340426, "mean_score": 81.44680852, "business_id": "usa_san francisco_cova_hotel", "hotel_street": "655 ellis street", "rcount": 51, "placeId": 139088589, "lat": 37.7840222, "lng": -122.417358560302, "bathroom": 0.0, "bed": 0.0, "checkin": 0.0, "cleanliness": 0.0, "coffee": 0.0, "comfort": 0.0, "drink": 0.0, "facility": 0.06686923076923076, "food": 0.1189826923076923, "general": 0.19008076923076922, "location": -0.03338653846153846, "parking": 0.0, "quietness": 0.0, "room": 0.0, "size": 0.0, "staff": 0.176175, "style": 0.0, "view": 0.0, "wifi": 0.0}, {"Unnamed: 0": "usa_san francisco_hotel_metropolis", "hotel_name": "hotel metropolis", "hotel_url": "http://www.tripadvisor.com/ShowUserReviews-g60713-d224955-r49675079-Hotel_Metropolis-San_Francisco_California.html", "street": "25 mason st", "city": "san francisco", "state": "ca", "country": "USA", "zip": "94102", "class": -1, "price": 0.0, "num_reviews": 131, "CLEANLINESS": 3.830769231, "ROOM": 3.507692308, "SERVICE": 3.9692307689999997, "LOCATION": 3.215384615, "VALUE": 3.830769231, "COMFORT": 0, "overall_ratingsource": 3.6707692310000004, "mean_score": 73.41538462000001, "business_id": "usa_san francisco_hotel_metropolis", "hotel_street": "25 mason st", "rcount": 131, "placeId": 24577876, "lat": 37.7834959, "lng": -122.4092431, "bathroom": 0.0, "bed": 0.0, "checkin": 0.0, "cleanliness": 0.0, "coffee": 0.0, "comfort": 0.0, "drink": 0.0, "facility": 0.018888000000000002, "food": 0.09773906666666668, "general": 0.11712744444444449, "location": 0.054846926984126985, "parking": 0.0, "quietness": 0.0, "room": 0.0, "size": 0.0, "staff": 0.1914488888888889, "style": 0.0, "view": 0.0, "wifi": 0.0}, {"Unnamed: 0": "usa_san francisco_hotel_mark_twain", "hotel_name": "hotel mark twain", "hotel_url": "http://www.tripadvisor.com/ShowUserReviews-g60713-d141997-r47833566-Hotel_Mark_Twain-San_Francisco_California.html", "street": "345 taylor street", "city": "san francisco", "state": "ca", "country": "USA", "zip": "94102", "class": -1, "price": 0.0, "num_reviews": 91, "CLEANLINESS": 3.473684211, "ROOM": 2.929824561, "SERVICE": 3.561403509, "LOCATION": 3.561403509, "VALUE": 3.368421053, "COMFORT": 0, "overall_ratingsource": 3.378947368, "mean_score": 67.57894736, "business_id": "usa_san francisco_hotel_mark_twain", "hotel_street": "345 taylor street", "rcount": 91, "placeId": 205956876, "lat": 37.7854879591837, "lng": -122.411328510204, "bathroom": 0.0, "bed": 0.0, "checkin": 0.0, "cleanliness": 0.0, "coffee": 0.0, "comfort": 0.0, "drink": 0.0, "facility": 0.01786984126984127, "food": 0.10097539682539683, "general": 0.15768809523809527, "location": 0.04203789682539683, "parking": 0.0, "quietness": 0.0, "room": 0.0, "size": 0.0, "staff": 0.2205757936507936, "style": 0.0, "view": 0.0, "wifi": 0.0}, {"Unnamed: 0": "usa_san francisco_hotel_cosmo", "hotel_name": "hotel cosmo", "hotel_url": "http://www.tripadvisor.com/ShowUserReviews-g60713-d80817-r4368315-Hotel_Cosmo-San_Francisco_California.html", "street": "761 post street", "city": "san francisco", "state": "ca", "country": "USA", "zip": "94109", "class": -1, "price": 0.0, "num_reviews": 28, "CLEANLINESS": 3.0, "ROOM": 3.333333333, "SERVICE": 3.666666667, "LOCATION": 4.666666667, "VALUE": 3.666666667, "COMFORT": 0, "overall_ratingsource": 3.666666667, "mean_score": 73.33333334, "business_id": "usa_san francisco_hotel_cosmo", "hotel_street": "761 post street", "rcount": 28, "placeId": 138177919, "lat": 37.78735545, "lng": -122.414281854027, "bathroom": 0.0, "bed": 0.0, "checkin": 0.0, "cleanliness": 0.0, "coffee": 0.0, "comfort": 0.0, "drink": 0.0, "facility": 0.02001818181818182, "food": 0.06442272727272727, "general": 0.17790454545454543, "location": 0.08554621212121212, "parking": 0.0, "quietness": 0.0, "room": 0.0, "size": 0.0, "staff": 0.1917401515151515, "style": 0.0, "view": 0.0, "wifi": 0.0}, {"Unnamed: 0": "usa_san francisco_abigail_hotel", "hotel_name": "abigail hotel", "hotel_url": "http://www.tripadvisor.com/ShowUserReviews-g60713-d113924-r48149638-Abigail_Hotel-San_Francisco_California.html", "street": "246 mcallister street", "city": "san francisco", "state": "ca", "country": "USA", "zip": "94102", "class": -1, "price": 0.0, "num_reviews": 31, "CLEANLINESS": 2.3, "ROOM": 2.05, "SERVICE": 2.6, "LOCATION": 3.05, "VALUE": 2.7, "COMFORT": 0, "overall_ratingsource": 2.54, "mean_score": 50.8, "business_id": "usa_san francisco_abigail_hotel", "hotel_street": "246 mcallister street", "rcount": 31, "placeId": 238009167, "lat": 37.7806216, "lng": -122.4161639, "bathroom": 0.0, "bed": 0.0, "checkin": 0.0, "cleanliness": 0.0, "coffee": 0.0, "comfort": 0.0, "drink": 0.0, "facility": 0.0, "food": 0.04529166666666667, "general": 0.12240277777777779, "location": 0.012437777777777777, "parking": 0.0, "quietness": 0.0, "room": 0.0, "size": 0.0, "staff": 0.142675, "style": 0.0, "view": 0.0, "wifi": 0.0}]}]}